{
"Profiles": [
{
  "Ansi 6 Color" : {
    "Red Component" : 0.49019607843137247,
    "Color Space" : "sRGB",
    "Blue Component" : 1,
    "Alpha Component" : 1,
    "Green Component" : 0.81176470588235294
  },
  "Tags" : [

  ],
  "Ansi 12 Color" : {
    "Red Component" : 0.47843137254901957,
    "Color Space" : "sRGB",
    "Blue Component" : 0.96862745098039216,
    "Alpha Component" : 1,
    "Green Component" : 0.63529411764705879
  },
  "Ansi 7 Color" : {
    "Red Component" : 0.66274509803921566,
    "Color Space" : "sRGB",
    "Blue Component" : 0.83921568627450982,
    "Alpha Component" : 1,
    "Green Component" : 0.69411764705882351
  },
  "Ansi 8 Color" : {
    "Red Component" : 0.25490196078431371,
    "Color Space" : "sRGB",
    "Blue Component" : 0.40784313725490201,
    "Alpha Component" : 1,
    "Green Component" : 0.28235294117647058
  },
  "Bold Color" : {
    "Red Component" : 0.1019607843137255,
    "Color Space" : "sRGB",
    "Blue Component" : 0.61176470588235299,
    "Alpha Component" : 1,
    "Green Component" : 0.73725490196078436
  },
  "Ansi 9 Color" : {
    "Red Component" : 0.96862745098039216,
    "Color Space" : "sRGB",
    "Blue Component" : 0.55686274509803924,
    "Alpha Component" : 1,
    "Green Component" : 0.46274509803921571
  },
  "Use Non-ASCII Font" : false,
  "Ansi 5 Color" : {
    "Red Component" : 0.73333333333333328,
    "Color Space" : "sRGB",
    "Blue Component" : 0.96862745098039216,
    "Alpha Component" : 1,
    "Green Component" : 0.60392156862745094
  },
  "Rows" : 40,
  "Default Bookmark" : "No",
  "Cursor Guide Color" : {
    "Red Component" : 0.75294117647058822,
    "Color Space" : "sRGB",
    "Blue Component" : 0.96078431372549022,
    "Alpha Component" : 0.25,
    "Green Component" : 0.792156862745098
  },
  "Non-ASCII Anti Aliased" : true,
  "Use Bright Bold" : true,
  "Ansi 10 Color" : {
    "Red Component" : 0.61960784313725492,
    "Color Space" : "sRGB",
    "Blue Component" : 0.41568627450980389,
    "Alpha Component" : 1,
    "Green Component" : 0.80784313725490198
  },
  "Ambiguous Double Width" : false,
  "Jobs to Ignore" : [
    "rlogin",
    "ssh",
    "slogin",
    "telnet"
  ],
  "Ansi 15 Color" : {
    "Red Component" : 0.75294117647058822,
    "Color Space" : "sRGB",
    "Blue Component" : 0.96078431372549022,
    "Alpha Component" : 1,
    "Green Component" : 0.792156862745098
  },
  "Foreground Color" : {
    "Red Component" : 0.75294117647058822,
    "Color Space" : "sRGB",
    "Blue Component" : 0.96078431372549022,
    "Alpha Component" : 1,
    "Green Component" : 0.792156862745098
  },
  "Bound Hosts" : [

  ],
  "Working Directory" : "\/Users\/jyeharry",
  "Blinking Cursor" : false,
  "Space" : 0,
  "Sync Title" : false,
  "Prompt Before Closing 2" : false,
  "BM Growl" : true,
  "Command" : "",
  "Description" : "Default",
  "Load Shell Integration Automatically" : true,
  "Mouse Reporting" : true,
  "Screen" : 0,
  "Selection Color" : {
    "Red Component" : 0.15686274509803921,
    "Color Space" : "sRGB",
    "Blue Component" : 0.3411764705882353,
    "Alpha Component" : 1,
    "Green Component" : 0.20392156862745101
  },
  "Disable Window Resizing" : true,
  "Columns" : 80,
  "Idle Code" : 0,
  "Ansi 13 Color" : {
    "Red Component" : 0.73333333333333328,
    "Color Space" : "sRGB",
    "Blue Component" : 0.96862745098039216,
    "Alpha Component" : 1,
    "Green Component" : 0.60392156862745094
  },
  "Custom Command" : "No",
  "ASCII Anti Aliased" : true,
  "Non Ascii Font" : "Monaco 12",
  "Vertical Spacing" : 1,
  "Use Bold Font" : true,
  "Option Key Sends" : 2,
  "Selected Text Color" : {
    "Red Component" : 0.75294117647058822,
    "Color Space" : "sRGB",
    "Blue Component" : 0.96078431372549022,
    "Alpha Component" : 1,
    "Green Component" : 0.792156862745098
  },
  "Background Color" : {
    "Red Component" : 0.1019607843137255,
    "Color Space" : "sRGB",
    "Blue Component" : 0.14901960784313731,
    "Alpha Component" : 1,
    "Green Component" : 0.1058823529411765
  },
  "Character Encoding" : 4,
  "Ansi 11 Color" : {
    "Red Component" : 0.8784313725490196,
    "Color Space" : "sRGB",
    "Blue Component" : 0.40784313725490201,
    "Alpha Component" : 1,
    "Green Component" : 0.68627450980392157
  },
  "Use Italic Font" : true,
  "Unlimited Scrollback" : true,
  "Keyboard Map" : {
    "0x30-0x200000" : {
      "Action" : 12,
      "Text" : "0"
    },
    "0x68-0x140000-0x4" : {
      "Version" : 2,
      "Apply Mode" : 0,
      "Action" : 11,
      "Text" : "0x1",
      "Escaping" : 2
    },
    "0x2b-0x200000" : {
      "Action" : 12,
      "Text" : "+"
    },
    "0x2a-0x200000" : {
      "Action" : 12,
      "Text" : "*"
    },
    "0xf703-0x300000" : {
      "Action" : 11,
      "Text" : "0x5"
    },
    "0x70-0x40000-0x23" : {
      "Version" : 2,
      "Apply Mode" : 0,
      "Action" : 10,
      "Text" : "[A",
      "Escaping" : 2
    },
    "0x39-0x200000" : {
      "Action" : 12,
      "Text" : "9"
    },
    "0x38-0x200000" : {
      "Action" : 12,
      "Text" : "8"
    },
    "0x6c-0x140000-0x25" : {
      "Version" : 2,
      "Apply Mode" : 0,
      "Action" : 11,
      "Text" : "0x5",
      "Escaping" : 2
    },
    "0x37-0x200000" : {
      "Action" : 12,
      "Text" : "7"
    },
    "0x4b-0x120000-0x28" : {
      "Version" : 2,
      "Apply Mode" : 0,
      "Action" : 9,
      "Text" : "",
      "Escaping" : 2
    },
    "0xf702-0x300000" : {
      "Action" : 11,
      "Text" : "0x1"
    },
    "0x68-0xc0000-0x4" : {
      "Version" : 2,
      "Apply Mode" : 0,
      "Action" : 10,
      "Text" : "b",
      "Escaping" : 2
    },
    "0x6b-0x100000-0x28" : {
      "Version" : 2,
      "Apply Mode" : 0,
      "Action" : 7,
      "Text" : "",
      "Escaping" : 2
    },
    "0x36-0x200000" : {
      "Action" : 12,
      "Text" : "6"
    },
    "0x35-0x200000" : {
      "Action" : 12,
      "Text" : "5"
    },
    "0x7f-0x100000" : {
      "Action" : 11,
      "Text" : "0x15"
    },
    "0xf703-0x280000" : {
      "Action" : 10,
      "Text" : "f"
    },
    "0x34-0x200000" : {
      "Action" : 12,
      "Text" : "4"
    },
    "0x6c-0xc0000-0x25" : {
      "Version" : 2,
      "Apply Mode" : 0,
      "Action" : 10,
      "Text" : "f",
      "Escaping" : 2
    },
    "0x33-0x200000" : {
      "Action" : 12,
      "Text" : "3"
    },
    "0x6e-0x40000-0x2d" : {
      "Version" : 2,
      "Apply Mode" : 0,
      "Action" : 10,
      "Text" : "[B",
      "Escaping" : 2
    },
    "0x3-0x200000" : {
      "Action" : 11,
      "Text" : "0xd"
    },
    "0xf728-0x80000" : {
      "Action" : 10,
      "Text" : "d"
    },
    "0x2f-0x200000" : {
      "Action" : 12,
      "Text" : "\/"
    },
    "0x7f-0x80000" : {
      "Action" : 11,
      "Text" : "0x1b 0x7f"
    },
    "0x2e-0x200000" : {
      "Action" : 12,
      "Text" : "."
    },
    "0xf702-0x280000" : {
      "Action" : 10,
      "Text" : "b"
    },
    "0x32-0x200000" : {
      "Action" : 12,
      "Text" : "2"
    },
    "0xf739-0x0" : {
      "Action" : 13,
      "Text" : ""
    },
    "0x4a-0x120000-0x26" : {
      "Version" : 2,
      "Apply Mode" : 0,
      "Action" : 8,
      "Text" : "",
      "Escaping" : 2
    },
    "0x31-0x200000" : {
      "Action" : 12,
      "Text" : "1"
    },
    "0x2d-0x200000" : {
      "Action" : 12,
      "Text" : "-"
    },
    "0x6a-0x100000-0x26" : {
      "Version" : 2,
      "Apply Mode" : 0,
      "Action" : 6,
      "Text" : "",
      "Escaping" : 2
    },
    "0xf728-0x0" : {
      "Action" : 11,
      "Text" : "0x4"
    }
  },
  "Window Type" : 15,
  "Background Image Location" : "",
  "Blur" : false,
  "Badge Color" : {
    "Red Component" : 1,
    "Color Space" : "sRGB",
    "Blue Component" : 0,
    "Alpha Component" : 0.5,
    "Green Component" : 0.1491314172744751
  },
  "Scrollback Lines" : 0,
  "Send Code When Idle" : false,
  "Close Sessions On End" : true,
  "Terminal Type" : "xterm-256color",
  "Visual Bell" : true,